Seq_Recebimento_Canhoto,Nro_Nota_Fiscal,Serie_Nota_Fiscal,Data_Recebimento,Cod_Empresa,Nome_Fantasia_Empresa,Data_Hora_Inclusao,Cod_Usuario_Inclusao,Nome_Usuario,Nro_Unico,Cod_Parceiro,Nome_Parceiro,Data_Negociacao,Data_Prev_Fin,Nro_CTe,Observacao,Cod_Transportadora,Transportadora,Cod_Vendedor,Vendedor,Valor_Nota,Cod_Situacao_WMS,Status_WMS,Data_Recebimento_WMS,Conferencia_Final
109,548044,,30012026 00:00:00,1,MMARRA - RIBEIRAO PRETO (SP),30012026 19:31:40,99,GUILHERME.SANTOS,1192446,941,CARLINHOS PECAS PCAMINHOES LTDA C014565,29012026 00:00:00,01022026 00:00:00,,,941,CARLINHOS PECAS PCAMINHOES LTDA C014565,7.0,NEVES,1233.0,,Sem WMS,,
108,548158,,30012026 00:00:00,1,MMARRA - RIBEIRAO PRETO (SP),30012026 19:31:33,99,GUILHERME.SANTOS,1192447,941,CARLINHOS PECAS PCAMINHOES LTDA C014565,30012026 00:00:00,01022026 00:00:00,,,941,CARLINHOS PECAS PCAMINHOES LTDA C014565,7.0,NEVES,1036.0,,Sem WMS,,
107,131467,,30012026 00:00:00,1,MMARRA - RIBEIRAO PRETO (SP),30012026 19:31:27,99,GUILHERME.SANTOS,1192449,1372,AUTO PECAS MAURILIO LTDA C004571,29012026 00:00:00,01022026 00:00:00,,,0,SEM PARCEIRO,0.0,<SEM VENDEDOR>,170.0,,Sem WMS,,
106,728140,,30012026 00:00:00,1,MMARRA - RIBEIRAO PRETO (SP),30012026 19:08:40,99,GUILHERME.SANTOS,1192153,198,EATON LTDA F000595,20012026 00:00:00,01022026 00:00:00,,,57165,CEVA LOGISTICS LTDA,9.0,PAULO BOVO,82.49,6.0,Armazenado,30012026 00:00:00,S
105,117859,,30012026 00:00:00,4,MMARRA - ARACATUBA (SP),30012026 19:07:42,99,GUILHERME.SANTOS,1187712,1,MMARRA  RIBEIRAO PRETO SP,27012026 00:00:00,01022026 00:00:00,,,22339,RODOCERTO TRANSPORTES LTDA,0.0,<SEM VENDEDOR>,481.53,,Sem WMS,,
104,33877,,30012026 00:00:00,1,MMARRA - RIBEIRAO PRETO (SP),30012026 19:07:31,99,GUILHERME.SANTOS,1189680,9304,COMPANHIA BRASILEIRA DE DISTRIBUICAO  SA F008733,28012026 00:00:00,01022026 00:00:00,,,56930,S M EXPRESS TRANSPORTES LTDA,7.0,NEVES,3263.42,0.0,Pendente,30012026 00:00:00,S
103,577843,,30012026 00:00:00,1,MMARRA - RIBEIRAO PRETO (SP),30012026 19:07:21,99,GUILHERME.SANTOS,1191943,137,DINATEC PECAS E SERVICOS LTDA C001130,29012026 00:00:00,01022026 00:00:00,,,137,DINATEC PECAS E SERVICOS LTDA C001130,6.0,FELIPE PEREIRA,245.0,6.0,Armazenado,31012026 00:00:00,S
102,577922,,30012026 00:00:00,1,MMARRA - RIBEIRAO PRETO (SP),30012026 19:07:13,99,GUILHERME.SANTOS,1192404,137,DINATEC PECAS E SERVICOS LTDA C001130,29012026 00:00:00,01022026 00:00:00,,,137,DINATEC PECAS E SERVICOS LTDA C001130,7.0,NEVES,936.0,6.0,Armazenado,31012026 00:00:00,S
101,577925,,30012026 00:00:00,1,MMARRA - RIBEIRAO PRETO (SP),30012026 19:06:49,99,GUILHERME.SANTOS,1191916,137,DINATEC PECAS E SERVICOS LTDA C001130,29012026 00:00:00,01022026 00:00:00,,,137,DINATEC PECAS E SERVICOS LTDA C001130,7.0,NEVES,630.0,6.0,Armazenado,31012026 00:00:00,S
100,135274,,30012026 00:00:00,1,MMARRA - RIBEIRAO PRETO (SP),30012026 19:06:38,99,GUILHERME.SANTOS,1191909,1466,ODAPEL DIST DE AUTO PECAS LTDA F005601,29012026 00:00:00,01022026 00:00:00,,,0,SEM PARCEIRO,7.0,NEVES,651.65,6.0,Armazenado,31012026 00:00:00,S
99,465887,,30012026 00:00:00,1,MMARRA - RIBEIRAO PRETO (SP),30012026 19:06:25,99,GUILHERME.SANTOS,1189667,8597,MORELATE SUDESTE DISTRIBUIDORA DE AUTOPECAS SA F008112,27012026 00:00:00,01022026 00:00:00,,,9383,JTO TRANSPORTES LTDA C572161,6.0,FELIPE PEREIRA,331.74,,Sem WMS,,
98,905097,,30012026 00:00:00,1,MMARRA - RIBEIRAO PRETO (SP),30012026 19:06:17,99,GUILHERME.SANTOS,1189663,4210,DIBRACAM COMERCIAL LIMITADA F000822,27012026 00:00:00,01022026 00:00:00,,,9383,JTO TRANSPORTES LTDA C572161,7.0,NEVES,459.11,,Sem WMS,,
97,165273,,30012026 00:00:00,7,MMARRA - ITUMBIARA (GO),30012026 19:06:06,99,GUILHERME.SANTOS,1189603,1,MMARRA  RIBEIRAO PRETO SP,28012026 00:00:00,01022026 00:00:00,,,22053,TRANSF RIBEIRÃO PRETO,0.0,<SEM VENDEDOR>,5346.83,,Sem WMS,,
96,905435,,30012026 00:00:00,1,MMARRA - RIBEIRAO PRETO (SP),30012026 19:05:54,99,GUILHERME.SANTOS,1191881,4210,DIBRACAM COMERCIAL LIMITADA F000822,28012026 00:00:00,01022026 00:00:00,,,0,SEM PARCEIRO,7.0,NEVES,2603.07,6.0,Armazenado,31012026 00:00:00,S
95,8079,,30012026 00:00:00,1,MMARRA - RIBEIRAO PRETO (SP),30012026 19:05:34,99,GUILHERME.SANTOS,1191807,13018,CIA BRASILEIRA DIST AUTO SA,28012026 00:00:00,01022026 00:00:00,,,0,SEM PARCEIRO,8.0,GUILHERME TRINDADE,797.49,6.0,Armazenado,30012026 00:00:00,S
94,515879,,30012026 00:00:00,1,MMARRA - RIBEIRAO PRETO (SP),30012026 19:05:22,99,GUILHERME.SANTOS,1190860,2467,ISAPA IMPORTACAO E COMERCIO LTDA F006440,27012026 00:00:00,01022026 00:00:00,,,502,RODONAVES TRANSPORTES E ENCOMENDAS LTDA C000982,0.0,<SEM VENDEDOR>,4616.56,,Sem WMS,,
93,515879,,30012026 00:00:00,1,MMARRA - RIBEIRAO PRETO (SP),30012026 19:05:07,99,GUILHERME.SANTOS,1190860,2467,ISAPA IMPORTACAO E COMERCIO LTDA F006440,27012026 00:00:00,01022026 00:00:00,,,502,RODONAVES TRANSPORTES E ENCOMENDAS LTDA C000982,0.0,<SEM VENDEDOR>,4616.56,,Sem WMS,,
92,210749,,30012026 00:00:00,1,MMARRA - RIBEIRAO PRETO (SP),30012026 19:04:57,99,GUILHERME.SANTOS,1191133,1248,PERIM COM DE AUTO PECAS LTDA C007668,29012026 00:00:00,01022026 00:00:00,,,0,SEM PARCEIRO,7.0,NEVES,9628.44,6.0,Armazenado,30012026 00:00:00,S
91,33947,,30012026 00:00:00,1,MMARRA - RIBEIRAO PRETO (SP),30012026 19:04:37,99,GUILHERME.SANTOS,1191818,9304,COMPANHIA BRASILEIRA DE DISTRIBUICAO  SA F008733,29012026 00:00:00,01022026 00:00:00,,,0,SEM PARCEIRO,7.0,NEVES,628.65,6.0,Armazenado,30012026 00:00:00,S
90,332675,,30012026 00:00:00,1,MMARRA - RIBEIRAO PRETO (SP),30012026 19:04:28,99,GUILHERME.SANTOS,1190914,13353,FABBOF INDUSTRIA METALURGICA LTDA,26012026 00:00:00,01022026 00:00:00,,,57230,EXPRESSO SAO MIGUEL S/A,7.0,NEVES,3272.63,,Sem WMS,,
89,332675,,30012026 00:00:00,1,MMARRA - RIBEIRAO PRETO (SP),30012026 19:04:07,99,GUILHERME.SANTOS,1190914,13353,FABBOF INDUSTRIA METALURGICA LTDA,26012026 00:00:00,01022026 00:00:00,,,57230,EXPRESSO SAO MIGUEL S/A,7.0,NEVES,3272.63,,Sem WMS,,
88,343294,,30012026 00:00:00,1,MMARRA - RIBEIRAO PRETO (SP),30012026 19:03:59,99,GUILHERME.SANTOS,1191094,11360,POLIPECAS DISTRIBUIDORA AUTOMOTIVA LTDA F002172,29012026 00:00:00,01022026 00:00:00,,,21252,POLIPECAS DISTRIBUIDORA AUTOMOTIVA LTDA,7.0,NEVES,2065.5,,Sem WMS,,
87,1268,,30012026 00:00:00,1,MMARRA - RIBEIRAO PRETO (SP),30012026 19:03:44,99,GUILHERME.SANTOS,1189534,11659,COMPANHIA BRASILEIRA DE DISTRIBUICAO AUTOMOTIVA SA F002908,27012026 00:00:00,01022026 00:00:00,,,0,SEM PARCEIRO,6.0,FELIPE PEREIRA,1587.94,6.0,Armazenado,31012026 00:00:00,S
86,33828,,30012026 00:00:00,1,MMARRA - RIBEIRAO PRETO (SP),30012026 19:03:37,99,GUILHERME.SANTOS,1191764,9304,COMPANHIA BRASILEIRA DE DISTRIBUICAO  SA F008733,27012026 00:00:00,01022026 00:00:00,,,0,SEM PARCEIRO,8.0,GUILHERME TRINDADE,1015.52,6.0,Armazenado,30012026 00:00:00,S
85,33828,,30012026 00:00:00,1,MMARRA - RIBEIRAO PRETO (SP),30012026 19:03:26,99,GUILHERME.SANTOS,1191764,9304,COMPANHIA BRASILEIRA DE DISTRIBUICAO  SA F008733,27012026 00:00:00,01022026 00:00:00,,,0,SEM PARCEIRO,8.0,GUILHERME TRINDADE,1015.52,6.0,Armazenado,30012026 00:00:00,S
84,76364,,30012026 00:00:00,1,MMARRA - RIBEIRAO PRETO (SP),30012026 19:03:12,99,GUILHERME.SANTOS,1189444,2690,INTERPUMP HYDRAULICS BRASIL  INDUSTRIA E COMERCIO F001317,26012026 00:00:00,01022026 00:00:00,,,502,RODONAVES TRANSPORTES E ENCOMENDAS LTDA C000982,8.0,GUILHERME TRINDADE,9305.57,,Sem WMS,,
83,28829,,30012026 00:00:00,1,MMARRA - RIBEIRAO PRETO (SP),30012026 19:03:00,99,GUILHERME.SANTOS,1190534,13179,MTETHOMSON INDE COMLTDA,19012026 00:00:00,01022026 00:00:00,,,22256,SPO SAO PAULO TRANSPORTE EIRELI,0.0,<SEM VENDEDOR>,6501.76,6.0,Armazenado,29012026 00:00:00,S
82,33924,,30012026 00:00:00,1,MMARRA - RIBEIRAO PRETO (SP),30012026 19:02:41,99,GUILHERME.SANTOS,1191761,9304,COMPANHIA BRASILEIRA DE DISTRIBUICAO  SA F008733,29012026 00:00:00,01022026 00:00:00,,,0,SEM PARCEIRO,7.0,NEVES,1768.6,2.0,Em Recebimento,30012026 00:00:00,S
81,164547,,30012026 00:00:00,7,MMARRA - ITUMBIARA (GO),30012026 19:00:34,99,GUILHERME.SANTOS,1181851,2,MMARRA UBERLANDIA MG,21012026 00:00:00,01022026 00:00:00,,,2,MMARRA UBERLANDIA MG,0.0,<SEM VENDEDOR>,2509.37,,Sem WMS,,
80,725101,,30012026 00:00:00,1,MMARRA - RIBEIRAO PRETO (SP),30012026 19:00:12,99,GUILHERME.SANTOS,1192324,198,EATON LTDA F000595,16012026 00:00:00,01022026 00:00:00,,,0,SEM PARCEIRO,3.0,JULIANO MARCHEZAM,10024.12,2.0,Em Recebimento,30012026 00:00:00,S
79,727295,,30012026 00:00:00,1,MMARRA - RIBEIRAO PRETO (SP),30012026 19:00:00,99,GUILHERME.SANTOS,1192316,198,EATON LTDA F000595,19012026 00:00:00,01022026 00:00:00,,,0,SEM PARCEIRO,9.0,PAULO BOVO,804.48,6.0,Armazenado,31012026 00:00:00,S
78,727295,,30012026 00:00:00,1,MMARRA - RIBEIRAO PRETO (SP),30012026 18:59:46,99,GUILHERME.SANTOS,1192316,198,EATON LTDA F000595,19012026 00:00:00,01022026 00:00:00,,,0,SEM PARCEIRO,9.0,PAULO BOVO,804.48,6.0,Armazenado,31012026 00:00:00,S
77,725381,,30012026 00:00:00,1,MMARRA - RIBEIRAO PRETO (SP),30012026 18:59:38,99,GUILHERME.SANTOS,1192308,198,EATON LTDA F000595,16012026 00:00:00,01022026 00:00:00,,,0,SEM PARCEIRO,0.0,<SEM VENDEDOR>,517.13,6.0,Armazenado,30012026 00:00:00,S
76,725381,,30012026 00:00:00,1,MMARRA - RIBEIRAO PRETO (SP),30012026 18:59:19,99,GUILHERME.SANTOS,1192308,198,EATON LTDA F000595,16012026 00:00:00,01022026 00:00:00,,,0,SEM PARCEIRO,0.0,<SEM VENDEDOR>,517.13,6.0,Armazenado,30012026 00:00:00,S
75,727144,,30012026 00:00:00,1,MMARRA - RIBEIRAO PRETO (SP),30012026 18:59:06,99,GUILHERME.SANTOS,1192290,198,EATON LTDA F000595,19012026 00:00:00,01022026 00:00:00,,,0,SEM PARCEIRO,3.0,JULIANO MARCHEZAM,217.16,6.0,Armazenado,30012026 00:00:00,S
74,727802,,30012026 00:00:00,1,MMARRA - RIBEIRAO PRETO (SP),30012026 18:58:50,99,GUILHERME.SANTOS,1192280,198,EATON LTDA F000595,20012026 00:00:00,01022026 00:00:00,,,0,SEM PARCEIRO,3.0,JULIANO MARCHEZAM,142.26,6.0,Armazenado,30012026 00:00:00,S
73,726319,,30012026 00:00:00,1,MMARRA - RIBEIRAO PRETO (SP),30012026 18:58:39,99,GUILHERME.SANTOS,1192274,198,EATON LTDA F000595,17012026 00:00:00,01022026 00:00:00,,,0,SEM PARCEIRO,3.0,JULIANO MARCHEZAM,198.96,6.0,Armazenado,30012026 00:00:00,S
72,726306,,30012026 00:00:00,1,MMARRA - RIBEIRAO PRETO (SP),30012026 18:58:15,99,GUILHERME.SANTOS,1192248,198,EATON LTDA F000595,17012026 00:00:00,01022026 00:00:00,,,0,SEM PARCEIRO,3.0,JULIANO MARCHEZAM,4254.67,6.0,Armazenado,30012026 00:00:00,S
71,726051,,30012026 00:00:00,1,MMARRA - RIBEIRAO PRETO (SP),30012026 18:58:04,99,GUILHERME.SANTOS,1192242,198,EATON LTDA F000595,17012026 00:00:00,01022026 00:00:00,,,0,SEM PARCEIRO,3.0,JULIANO MARCHEZAM,31.63,6.0,Armazenado,30012026 00:00:00,S
70,726372,,30012026 00:00:00,1,MMARRA - RIBEIRAO PRETO (SP),30012026 18:57:57,99,GUILHERME.SANTOS,1192230,198,EATON LTDA F000595,17012026 00:00:00,01022026 00:00:00,,,0,SEM PARCEIRO,3.0,JULIANO MARCHEZAM,2385.59,6.0,Armazenado,30012026 00:00:00,S
69,725102,,30012026 00:00:00,1,MMARRA - RIBEIRAO PRETO (SP),30012026 18:57:38,99,GUILHERME.SANTOS,1192190,198,EATON LTDA F000595,16012026 00:00:00,01022026 00:00:00,,,0,SEM PARCEIRO,3.0,JULIANO MARCHEZAM,438.02,6.0,Armazenado,31012026 00:00:00,S
69,725102,,30012026 00:00:00,1,MMARRA - RIBEIRAO PRETO (SP),30012026 18:57:38,99,GUILHERME.SANTOS,1192190,198,EATON LTDA F000595,16012026 00:00:00,01022026 00:00:00,,,0,SEM PARCEIRO,3.0,JULIANO MARCHEZAM,438.02,6.0,Armazenado,30012026 00:00:00,S
68,726055,,30012026 00:00:00,1,MMARRA - RIBEIRAO PRETO (SP),30012026 18:57:22,99,GUILHERME.SANTOS,1192178,198,EATON LTDA F000595,17012026 00:00:00,01022026 00:00:00,,,0,SEM PARCEIRO,3.0,JULIANO MARCHEZAM,138.41,6.0,Armazenado,30012026 00:00:00,S
67,725861,,30012026 00:00:00,1,MMARRA - RIBEIRAO PRETO (SP),30012026 18:57:03,99,GUILHERME.SANTOS,1192171,198,EATON LTDA F000595,16012026 00:00:00,01022026 00:00:00,,,0,SEM PARCEIRO,3.0,JULIANO MARCHEZAM,63.78,6.0,Armazenado,30012026 00:00:00,S
66,2970745,,30012026 00:00:00,1,MMARRA - RIBEIRAO PRETO (SP),30012026 18:56:46,99,GUILHERME.SANTOS,1191443,5158,MAHLE METAL LEVE SA F006579,23012026 00:00:00,01022026 00:00:00,,,21659,FL BRASIL HOLDING LOGISTICA E TRANSPORTE LTDA,4.0,BRUNO JERONIMO,4848.9,6.0,Armazenado,02022026 00:00:00,S
65,411548,,30012026 00:00:00,1,MMARRA - RIBEIRAO PRETO (SP),30012026 18:56:31,99,GUILHERME.SANTOS,1192174,3319,PACAEMBU AUTO PECAS LTDA F000166,23012026 00:00:00,01022026 00:00:00,,,0,SEM PARCEIRO,0.0,<SEM VENDEDOR>,1986.0,,Sem WMS,,
64,411734,,30012026 00:00:00,1,MMARRA - RIBEIRAO PRETO (SP),30012026 18:55:59,99,GUILHERME.SANTOS,1192183,3319,PACAEMBU AUTO PECAS LTDA F000166,29012026 00:00:00,01022026 00:00:00,,,0,SEM PARCEIRO,6.0,FELIPE PEREIRA,2245.0,6.0,Armazenado,31012026 00:00:00,S
63,89427,,30012026 00:00:00,1,MMARRA - RIBEIRAO PRETO (SP),30012026 18:55:33,99,GUILHERME.SANTOS,1192245,7430,ARCO FORJADO EXPORTACAO IMPORTACAO IND E COM LTDA F004065,28012026 00:00:00,01022026 00:00:00,,,0,SEM PARCEIRO,,,,,Sem WMS,,
62,729615,,30012026 00:00:00,1,MMARRA - RIBEIRAO PRETO (SP),30012026 18:55:03,99,GUILHERME.SANTOS,1192252,198,EATON LTDA F000595,21012026 00:00:00,01022026 00:00:00,,,0,SEM PARCEIRO,3.0,JULIANO MARCHEZAM,1355.6,6.0,Armazenado,30012026 00:00:00,S
61,729172,,30012026 00:00:00,1,MMARRA - RIBEIRAO PRETO (SP),30012026 18:54:55,99,GUILHERME.SANTOS,1192253,198,EATON LTDA F000595,21012026 00:00:00,01022026 00:00:00,,,0,SEM PARCEIRO,3.0,JULIANO MARCHEZAM,994.95,6.0,Armazenado,31012026 00:00:00,S
60,729857,,30012026 00:00:00,1,MMARRA - RIBEIRAO PRETO (SP),30012026 18:54:30,99,GUILHERME.SANTOS,1192258,198,EATON LTDA F000595,21012026 00:00:00,01022026 00:00:00,,,0,SEM PARCEIRO,3.0,JULIANO MARCHEZAM,1140.08,6.0,Armazenado,31012026 00:00:00,S
59,975072,,30012026 00:00:00,1,MMARRA - RIBEIRAO PRETO (SP),30012026 18:54:16,99,GUILHERME.SANTOS,1192279,1185,BR COMPANY IMPORTACAO E EXPORTACAO DE PECAS LTDA F003561,29012026 00:00:00,01022026 00:00:00,,,0,SEM PARCEIRO,0.0,<SEM VENDEDOR>,10803.64,6.0,Armazenado,31012026 00:00:00,S
58,76936,,30012026 00:00:00,1,MMARRA - RIBEIRAO PRETO (SP),30012026 18:54:06,99,GUILHERME.SANTOS,1192267,11367,CAROL LUBRIFICANTES E SERVICOS LTDA F001874,30012026 00:00:00,01022026 00:00:00,,,0,SEM PARCEIRO,8.0,GUILHERME TRINDADE,679.2,6.0,Armazenado,31012026 00:00:00,S
57,467234,,30012026 00:00:00,1,MMARRA - RIBEIRAO PRETO (SP),30012026 18:53:57,99,GUILHERME.SANTOS,1192298,8597,MORELATE SUDESTE DISTRIBUIDORA DE AUTOPECAS SA F008112,29012026 00:00:00,01022026 00:00:00,,,0,SEM PARCEIRO,6.0,FELIPE PEREIRA,264.23,6.0,Armazenado,02022026 00:00:00,S
56,25270,,30012026 00:00:00,1,MMARRA - RIBEIRAO PRETO (SP),30012026 18:53:42,99,GUILHERME.SANTOS,1192303,9161,USILUX  USINAGEM DE PECAS LTDA F003730,28012026 00:00:00,01022026 00:00:00,,,0,SEM PARCEIRO,0.0,<SEM VENDEDOR>,11711.76,6.0,Armazenado,31012026 00:00:00,S
55,729363,,30012026 00:00:00,1,MMARRA - RIBEIRAO PRETO (SP),30012026 18:53:27,99,GUILHERME.SANTOS,1192310,8874,MSAM DISTRIBUIDORA DE PECAS LTDA F050274,29012026 00:00:00,01022026 00:00:00,,,0,SEM PARCEIRO,6.0,FELIPE PEREIRA,446.7,6.0,Armazenado,31012026 00:00:00,S
54,300090,,30012026 00:00:00,1,MMARRA - RIBEIRAO PRETO (SP),30012026 18:53:15,99,GUILHERME.SANTOS,1192313,5397,CAMPINAS DIESEL LTDA EXP E IMP F000602,29012026 00:00:00,01022026 00:00:00,,,0,SEM PARCEIRO,0.0,<SEM VENDEDOR>,4884.25,6.0,Armazenado,31012026 00:00:00,S
53,8027,,30012026 00:00:00,1,MMARRA - RIBEIRAO PRETO (SP),30012026 18:52:58,99,GUILHERME.SANTOS,1190578,13050,CIA BRASILEIRA DIST AUTO SA,29012026 00:00:00,01022026 00:00:00,,,22363,GWTEX DO BRASIL TRANSPORTES LTDA,,,,,Sem WMS,,
52,8027,,30012026 00:00:00,1,MMARRA - RIBEIRAO PRETO (SP),30012026 18:52:41,99,GUILHERME.SANTOS,1190578,13050,CIA BRASILEIRA DIST AUTO SA,29012026 00:00:00,01022026 00:00:00,,,22363,GWTEX DO BRASIL TRANSPORTES LTDA,,,,,Sem WMS,,
51,1075808,,30012026 00:00:00,1,MMARRA - RIBEIRAO PRETO (SP),30012026 18:52:25,99,GUILHERME.SANTOS,1192368,7851,UNIVERSAL AUTOMOTIVE SYSTEMS SA F002824,29012026 00:00:00,01022026 00:00:00,,,0,SEM PARCEIRO,0.0,<SEM VENDEDOR>,1422.49,6.0,Armazenado,31012026 00:00:00,S
50,66433,,30012026 00:00:00,1,MMARRA - RIBEIRAO PRETO (SP),30012026 18:52:11,99,GUILHERME.SANTOS,1192374,578,AUTOLINEA AUTOPECAS LTDA F004590,29012026 00:00:00,01022026 00:00:00,,,0,SEM PARCEIRO,7.0,NEVES,4758.18,,Sem WMS,,
49,1075848,,30012026 00:00:00,1,MMARRA - RIBEIRAO PRETO (SP),30012026 18:52:01,99,GUILHERME.SANTOS,1192381,7851,UNIVERSAL AUTOMOTIVE SYSTEMS SA F002824,29012026 00:00:00,01022026 00:00:00,,,0,SEM PARCEIRO,56.0,EDUARDO PUTINATTO,4410.93,6.0,Armazenado,02022026 00:00:00,S
48,117897,,30012026 00:00:00,4,MMARRA - ARACATUBA (SP),30012026 18:51:46,99,GUILHERME.SANTOS,1189477,1,MMARRA  RIBEIRAO PRETO SP,28012026 00:00:00,01022026 00:00:00,,,22053,TRANSF RIBEIRÃO PRETO,0.0,<SEM VENDEDOR>,251.08,,Sem WMS,,
47,117886,,30012026 00:00:00,4,MMARRA - ARACATUBA (SP),30012026 18:51:31,99,GUILHERME.SANTOS,1189198,1,MMARRA  RIBEIRAO PRETO SP,28012026 00:00:00,01022026 00:00:00,,,22339,RODOCERTO TRANSPORTES LTDA,0.0,<SEM VENDEDOR>,400.95,,Sem WMS,,
46,117891,,30012026 00:00:00,4,MMARRA - ARACATUBA (SP),30012026 18:51:21,99,GUILHERME.SANTOS,1189286,1,MMARRA  RIBEIRAO PRETO SP,28012026 00:00:00,01022026 00:00:00,,,22339,RODOCERTO TRANSPORTES LTDA,0.0,<SEM VENDEDOR>,101.18,,Sem WMS,,
45,117875,,30012026 00:00:00,4,MMARRA - ARACATUBA (SP),30012026 18:51:07,99,GUILHERME.SANTOS,1188892,1,MMARRA  RIBEIRAO PRETO SP,28012026 00:00:00,01022026 00:00:00,,,22339,RODOCERTO TRANSPORTES LTDA,0.0,<SEM VENDEDOR>,1790.21,,Sem WMS,,
44,117884,,30012026 00:00:00,4,MMARRA - ARACATUBA (SP),30012026 18:50:57,99,GUILHERME.SANTOS,1189177,1,MMARRA  RIBEIRAO PRETO SP,28012026 00:00:00,01022026 00:00:00,,,21928,RODOCERTO TRANSPORTES LTDA,0.0,<SEM VENDEDOR>,580.01,,Sem WMS,,
43,471835,,30012026 00:00:00,1,MMARRA - RIBEIRAO PRETO (SP),30012026 18:50:45,99,GUILHERME.SANTOS,1192402,8225,ZM SA F001445,27012026 00:00:00,01022026 00:00:00,,,0,SEM PARCEIRO,0.0,<SEM VENDEDOR>,19468.08,6.0,Armazenado,31012026 00:00:00,S
42,316866,,30012026 00:00:00,1,MMARRA - RIBEIRAO PRETO (SP),30012026 18:50:33,99,GUILHERME.SANTOS,1192405,2051,PATRAL PECAS LTDA F000877,29012026 00:00:00,01022026 00:00:00,,,502,RODONAVES TRANSPORTES E ENCOMENDAS LTDA C000982,0.0,<SEM VENDEDOR>,1999.24,6.0,Armazenado,31012026 00:00:00,S
41,23582,,30012026 00:00:00,1,MMARRA - RIBEIRAO PRETO (SP),30012026 18:50:14,99,GUILHERME.SANTOS,1192410,735,PLATO POLO EMBREAGENS LTDA ME F006269,28012026 00:00:00,01022026 00:00:00,,,0,SEM PARCEIRO,6.0,FELIPE PEREIRA,9406.71,6.0,Armazenado,31012026 00:00:00,S
40,742354,,30012026 00:00:00,1,MMARRA - RIBEIRAO PRETO (SP),30012026 18:50:06,99,GUILHERME.SANTOS,1192418,10587,KSPG AUTOMOTIVE BRAZIL LTDA F002557,28012026 00:00:00,01022026 00:00:00,,,56995,EXPRESSO SAO MIGUEL SA,9.0,PAULO BOVO,596.63,6.0,Armazenado,31012026 00:00:00,S
39,10492,,30012026 00:00:00,1,MMARRA - RIBEIRAO PRETO (SP),30012026 18:49:33,99,GUILHERME.SANTOS,1190587,10144,CIA BRASILEIRA DISTRIBUICAO AUTOMOTIVA SA F008743,29012026 00:00:00,01022026 00:00:00,,,8541,ROVDIR TRANSPORTE DE CARGAS RAPIDAS E ENCOMENDAS LTDA,7.0,NEVES,1123.3,,Sem WMS,,
38,12631,,30012026 00:00:00,1,MMARRA - RIBEIRAO PRETO (SP),30012026 18:49:21,99,GUILHERME.SANTOS,1192023,13134,MEGA DISTRIBUIDORA LTDA,28012026 00:00:00,01022026 00:00:00,,,0,SEM PARCEIRO,0.0,<SEM VENDEDOR>,14066.9,6.0,Armazenado,30012026 00:00:00,S
37,1099086,,30012026 00:00:00,1,MMARRA - RIBEIRAO PRETO (SP),30012026 18:49:08,99,GUILHERME.SANTOS,1192382,2046,INTERNATIONAL IND AUTOMOTIVA DA AMERICA DO SUL F004705,28012026 00:00:00,01022026 00:00:00,,,21989,PATRUS TRANSPORTES URGENTES LTDA,5.0,JULIANO NOVAES,1425.14,6.0,Armazenado,31012026 00:00:00,S
36,33628,,30012026 00:00:00,1,MMARRA - RIBEIRAO PRETO (SP),30012026 18:48:49,99,GUILHERME.SANTOS,1185497,9304,COMPANHIA BRASILEIRA DE DISTRIBUICAO  SA F008733,23012026 00:00:00,01022026 00:00:00,,,0,SEM PARCEIRO,7.0,NEVES,1321.0,,Sem WMS,,
35,33779,,30012026 00:00:00,1,MMARRA - RIBEIRAO PRETO (SP),30012026 18:48:32,99,GUILHERME.SANTOS,1187997,9304,COMPANHIA BRASILEIRA DE DISTRIBUICAO  SA F008733,27012026 00:00:00,01022026 00:00:00,,,0,SEM PARCEIRO,7.0,NEVES,356.84,6.0,Armazenado,29012026 00:00:00,S
34,33779,,30012026 00:00:00,1,MMARRA - RIBEIRAO PRETO (SP),30012026 18:48:20,99,GUILHERME.SANTOS,1187997,9304,COMPANHIA BRASILEIRA DE DISTRIBUICAO  SA F008733,27012026 00:00:00,01022026 00:00:00,,,0,SEM PARCEIRO,7.0,NEVES,356.84,6.0,Armazenado,29012026 00:00:00,S
33,7885,,30012026 00:00:00,1,MMARRA - RIBEIRAO PRETO (SP),30012026 18:47:42,99,GUILHERME.SANTOS,1190322,13050,CIA BRASILEIRA DIST AUTO SA,26012026 00:00:00,01022026 00:00:00,,,0,SEM PARCEIRO,0.0,<SEM VENDEDOR>,833.52,6.0,Armazenado,29012026 00:00:00,S
32,1096508,,30012026 00:00:00,1,MMARRA - RIBEIRAO PRETO (SP),30012026 18:37:41,99,GUILHERME.SANTOS,1187521,2046,INTERNATIONAL IND AUTOMOTIVA DA AMERICA DO SUL F004705,19012026 00:00:00,01022026 00:00:00,,,21989,PATRUS TRANSPORTES URGENTES LTDA,5.0,JULIANO NOVAES,1592.72,,Sem WMS,,
31,486196,,30012026 00:00:00,1,MMARRA - RIBEIRAO PRETO (SP),30012026 18:37:25,99,GUILHERME.SANTOS,1187314,12072,FW DISTRIBUIDORA LTDA,22012026 00:00:00,01022026 00:00:00,,,0,SEM PARCEIRO,7.0,NEVES,526.9,6.0,Armazenado,29012026 00:00:00,S
30,577248,,30012026 00:00:00,1,MMARRA - RIBEIRAO PRETO (SP),30012026 18:37:10,99,GUILHERME.SANTOS,1187740,137,DINATEC PECAS E SERVICOS LTDA C001130,26012026 00:00:00,01022026 00:00:00,,,137,DINATEC PECAS E SERVICOS LTDA C001130,0.0,<SEM VENDEDOR>,1780.0,,Sem WMS,,
29,8040,,30012026 00:00:00,1,MMARRA - RIBEIRAO PRETO (SP),30012026 18:36:54,99,GUILHERME.SANTOS,1190319,13018,CIA BRASILEIRA DIST AUTO SA,23012026 00:00:00,01022026 00:00:00,,,0,SEM PARCEIRO,0.0,<SEM VENDEDOR>,177.43,6.0,Armazenado,29012026 00:00:00,S
28,152322,,30012026 00:00:00,1,MMARRA - RIBEIRAO PRETO (SP),30012026 18:36:17,99,GUILHERME.SANTOS,1187535,12038,BRESSAN ELETRODIESEL LTDA,20012026 00:00:00,01022026 00:00:00,,,0,SEM PARCEIRO,7.0,NEVES,3290.56,6.0,Armazenado,28012026 00:00:00,S
27,152322,,30012026 00:00:00,1,MMARRA - RIBEIRAO PRETO (SP),30012026 18:35:57,99,GUILHERME.SANTOS,1187535,12038,BRESSAN ELETRODIESEL LTDA,20012026 00:00:00,01022026 00:00:00,,,0,SEM PARCEIRO,7.0,NEVES,3290.56,6.0,Armazenado,28012026 00:00:00,S
26,10392,,30012026 00:00:00,1,MMARRA - RIBEIRAO PRETO (SP),30012026 18:35:41,99,GUILHERME.SANTOS,1186986,10144,CIA BRASILEIRA DISTRIBUICAO AUTOMOTIVA SA F008743,23012026 00:00:00,01022026 00:00:00,,,0,SEM PARCEIRO,0.0,<SEM VENDEDOR>,392.22,,Sem WMS,,
25,316520,,30012026 00:00:00,1,MMARRA - RIBEIRAO PRETO (SP),30012026 18:35:32,99,GUILHERME.SANTOS,1186667,2051,PATRAL PECAS LTDA F000877,23012026 00:00:00,01022026 00:00:00,,,0,SEM PARCEIRO,4.0,BRUNO JERONIMO,1563.29,6.0,Armazenado,26012026 00:00:00,S
24,10398,,30012026 00:00:00,1,MMARRA - RIBEIRAO PRETO (SP),30012026 18:35:20,99,GUILHERME.SANTOS,1186647,10144,CIA BRASILEIRA DISTRIBUICAO AUTOMOTIVA SA F008743,23012026 00:00:00,01022026 00:00:00,,,0,SEM PARCEIRO,6.0,FELIPE PEREIRA,4228.71,6.0,Armazenado,28012026 00:00:00,S
23,65721,,30012026 00:00:00,1,MMARRA - RIBEIRAO PRETO (SP),30012026 18:35:10,99,GUILHERME.SANTOS,1186643,12202,BONFANTI TRANSP E COM DE AUTOPECAS LTDA,23012026 00:00:00,01022026 00:00:00,,,0,SEM PARCEIRO,7.0,NEVES,2586.75,6.0,Armazenado,27012026 00:00:00,S
22,11976,,30012026 00:00:00,1,MMARRA - RIBEIRAO PRETO (SP),30012026 18:34:59,99,GUILHERME.SANTOS,1186597,13191,FALMA PECAS   ME,23012026 00:00:00,01022026 00:00:00,,,0,SEM PARCEIRO,7.0,NEVES,773.9,6.0,Armazenado,27012026 00:00:00,S
21,728240,,30012026 00:00:00,1,MMARRA - RIBEIRAO PRETO (SP),30012026 18:34:44,99,GUILHERME.SANTOS,1186581,8874,MSAM DISTRIBUIDORA DE PECAS LTDA F050274,23012026 00:00:00,01022026 00:00:00,,,0,SEM PARCEIRO,6.0,FELIPE PEREIRA,2060.63,6.0,Armazenado,27012026 00:00:00,S
20,904319,,30012026 00:00:00,1,MMARRA - RIBEIRAO PRETO (SP),30012026 18:33:59,99,GUILHERME.SANTOS,1186567,4210,DIBRACAM COMERCIAL LIMITADA F000822,23012026 00:00:00,01022026 00:00:00,,,0,SEM PARCEIRO,6.0,FELIPE PEREIRA,3294.83,6.0,Armazenado,26012026 00:00:00,S
19,538737,,30012026 00:00:00,1,MMARRA - RIBEIRAO PRETO (SP),30012026 18:33:46,99,GUILHERME.SANTOS,1186545,2435,COBRA ROLAMENTOS E AUTOPECAS LTDA C013125,23012026 00:00:00,01022026 00:00:00,,,0,SEM PARCEIRO,0.0,<SEM VENDEDOR>,777.12,0.0,Pendente,27012026 00:00:00,S
18,33640,,30012026 00:00:00,1,MMARRA - RIBEIRAO PRETO (SP),30012026 18:33:22,99,GUILHERME.SANTOS,1186540,9304,COMPANHIA BRASILEIRA DE DISTRIBUICAO  SA F008733,23012026 00:00:00,01022026 00:00:00,,,0,SEM PARCEIRO,7.0,NEVES,685.68,6.0,Armazenado,30012026 00:00:00,S
17,972877,,30012026 00:00:00,1,MMARRA - RIBEIRAO PRETO (SP),30012026 18:33:08,99,GUILHERME.SANTOS,1186348,1185,BR COMPANY IMPORTACAO E EXPORTACAO DE PECAS LTDA F003561,23012026 00:00:00,01022026 00:00:00,,,0,SEM PARCEIRO,0.0,<SEM VENDEDOR>,1220.33,6.0,Armazenado,26012026 00:00:00,S
16,324415,,30012026 00:00:00,1,MMARRA - RIBEIRAO PRETO (SP),30012026 18:32:49,99,GUILHERME.SANTOS,1189580,3848,QUINELATO INDUSTRIA E COMERCIO LTDA C001731,23012026 00:00:00,01022026 00:00:00,,,4600,VAL TRANSPORTES MONTE ALTO LTDA  ME C026649,4.0,BRUNO JERONIMO,4084.17,6.0,Armazenado,28012026 00:00:00,S
15,140433,,30012026 00:00:00,1,MMARRA - RIBEIRAO PRETO (SP),30012026 18:32:37,99,GUILHERME.SANTOS,1187833,7802,ARCA INDUSTRIA E COMERCIO DE RETENTORES LTDA F000701,22012026 00:00:00,01022026 00:00:00,,,0,SEM PARCEIRO,8.0,GUILHERME TRINDADE,5798.73,6.0,Armazenado,28012026 00:00:00,S
14,3868,,30012026 00:00:00,1,MMARRA - RIBEIRAO PRETO (SP),30012026 18:32:24,99,GUILHERME.SANTOS,1190390,13256,ABS METALURGICA LTDA,19012026 00:00:00,01022026 00:00:00,,,0,SEM PARCEIRO,8.0,GUILHERME TRINDADE,3958.29,6.0,Armazenado,29012026 00:00:00,S
13,390842,,30012026 00:00:00,1,MMARRA - RIBEIRAO PRETO (SP),30012026 18:32:06,99,GUILHERME.SANTOS,1187710,1139,RIBEIRAO DIESEL SA VEICULOS C004184,24012026 00:00:00,01022026 00:00:00,,,0,SEM PARCEIRO,6.0,FELIPE PEREIRA,1959.42,6.0,Armazenado,28012026 00:00:00,S
12,33744,,30012026 00:00:00,1,MMARRA - RIBEIRAO PRETO (SP),30012026 18:31:48,99,GUILHERME.SANTOS,1187386,9304,COMPANHIA BRASILEIRA DE DISTRIBUICAO  SA F008733,26012026 00:00:00,01022026 00:00:00,,,8405,TRANSEXPRESS  TRANSPORTE DE CARGAS LTDA C031916,6.0,FELIPE PEREIRA,1315.29,6.0,Armazenado,27012026 00:00:00,S
11,33744,,30012026 00:00:00,1,MMARRA - RIBEIRAO PRETO (SP),30012026 18:31:36,99,GUILHERME.SANTOS,1187386,9304,COMPANHIA BRASILEIRA DE DISTRIBUICAO  SA F008733,26012026 00:00:00,01022026 00:00:00,,,8405,TRANSEXPRESS  TRANSPORTE DE CARGAS LTDA C031916,6.0,FELIPE PEREIRA,1315.29,6.0,Armazenado,27012026 00:00:00,S
10,553119,,30012026 00:00:00,1,MMARRA - RIBEIRAO PRETO (SP),30012026 18:31:22,99,GUILHERME.SANTOS,1188560,2426,LNG IMPORTACAO E EXPORTACAO DE AUTO PECAS LTDA F001872,26012026 00:00:00,01022026 00:00:00,,,21887,L G A BERNARDO TRANSPORTES,7.0,NEVES,4615.28,6.0,Armazenado,28012026 00:00:00,S
9,33826,,30012026 00:00:00,1,MMARRA - RIBEIRAO PRETO (SP),30012026 18:30:59,99,GUILHERME.SANTOS,1188568,9304,COMPANHIA BRASILEIRA DE DISTRIBUICAO  SA F008733,27012026 00:00:00,01022026 00:00:00,,,8405,TRANSEXPRESS  TRANSPORTE DE CARGAS LTDA C031916,6.0,FELIPE PEREIRA,1818.04,6.0,Armazenado,28012026 00:00:00,S
8,335904,,30012026 00:00:00,1,MMARRA - RIBEIRAO PRETO (SP),30012026 18:30:01,99,GUILHERME.SANTOS,1189722,1186,CUMMINS  VENDAS E SERVICOS DE MOTORES E GERADORES F001159,27012026 00:00:00,01022026 00:00:00,,,9383,JTO TRANSPORTES LTDA C572161,0.0,<SEM VENDEDOR>,72602.03,4.0,Conferido,30012026 00:00:00,S
7,6782,,30012026 00:00:00,1,MMARRA - RIBEIRAO PRETO (SP),30012026 18:24:40,99,GUILHERME.SANTOS,1189707,12534,MDM CONEXOES E TUBOS LTDA,26012026 00:00:00,01022026 00:00:00,,,9383,JTO TRANSPORTES LTDA C572161,56.0,EDUARDO PUTINATTO,16051.46,2.0,Em Recebimento,29012026 00:00:00,S
6,49598,,30012026 00:00:00,1,MMARRA - RIBEIRAO PRETO (SP),30012026 18:20:14,99,GUILHERME.SANTOS,1189711,6782,BRAKEMATIC LTDA F003726,26012026 00:00:00,01022026 00:00:00,,,9383,JTO TRANSPORTES LTDA C572161,7.0,NEVES,8581.01,6.0,Armazenado,30012026 00:00:00,S
5,141652,,30012026 00:00:00,1,MMARRA - RIBEIRAO PRETO (SP),30012026 18:18:20,99,GUILHERME.SANTOS,1189727,9304,COMPANHIA BRASILEIRA DE DISTRIBUICAO  SA F008733,27012026 00:00:00,01022026 00:00:00,,,56930,S M EXPRESS TRANSPORTES LTDA,0.0,<SEM VENDEDOR>,878.94,,Sem WMS,,
